id;h_name;h_surname;h_role;h_email;h_phone_number;is_activated
1;Nord-Pas-de-Calais bus;Chicken;DEV;Administrateur navigating b;Loan;true
2;azure c;Poitou-Charentes infrastructures;ADMIN;la;Account silver fuchsia;true
3;Money;invoice Home;DEMO;Rustic a Small;tertiary;false
4;Credit Concrete Singapour;Cambridgeshire;DEMO;metrics feed Home;quantifying Jewelery;true
5;Languedoc-Roussillon generating payment;red synergies;ADMIN;a teal object-oriented;Russian Personal;true
6;Automotive;Champagne-Ardenne Technicien;DEMO;USB;Soft Music Metal;false
7;seamless Beauty c;Salad;ADMIN;internet program;copy;true
8;niches Quality-focused a;Loan Kids;DEV;Pompe navigating hack;Analyste;true
9;relationships Chicken;Andorre reboot Computer;DEV;Ball Mouse monitor;mobile disintermediate Chips;true
10;Card gold;Reactive Outdoors gold;DEV;dedicated Directeur Bike;Buckinghamshire GB;false
